PA,SZ,Year,AGE0-4,AGE05-9,AGE10-14,AGE15-19,AGE20-24,AGE25-29,AGE30-34,AGE35-39,AGE40-44,AGE45-49,AGE50-54,AGE55-59,AGE60-64,AGE65-69,AGE70-74,AGE75-79,AGE80-84,AGE85over,YOUNG,ACTIVE,OLD,TOTAL
Ang Mo Kio,Ang Mo Kio Town Centre,2018,180,270,320,300,260,300,270,330,430,470,360,310,300,270,190,150,60,60,1330,2770,730,4830
Ang Mo Kio,Cheng San,2018,1060,1080,1080,1260,1400,1880,1940,2300,2090,2180,2160,2150,2270,2130,1370,980,560,440,5880,16970,5480,28330
Ang Mo Kio,Chong Boon,2018,900,900,1030,1220,1380,1760,1830,1920,1900,1910,2070,2140,2170,2050,1570,1170,640,530,5430,15700,5960,27090
Ang Mo Kio,Kebun Bahru,2018,720,850,1010,1120,1230,1460,1330,1540,1700,1830,1880,1810,1750,1700,1240,870,540,430,4930,13300,4780,23010
Ang Mo Kio,Sembawang Hills,2018,220,310,380,500,550,500,300,290,420,550,550,560,450,410,290,220,140,140,1960,3620,1200,6780
Ang Mo Kio,Shangri-La,2018,550,630,670,780,950,1080,990,1100,1140,1230,1350,1420,1290,1150,830,680,360,340,3580,9600,3360,16540
Ang Mo Kio,Tagore,2018,260,340,430,500,640,690,440,400,490,580,640,730,680,500,280,210,180,130,2170,4650,1300,8120
Ang Mo Kio,Townsville,2018,830,930,930,860,1020,1400,1350,1700,1720,1530,1480,1720,1680,1610,1190,980,560,460,4570,12580,4800,21950
Ang Mo Kio,Yio Chu Kang East,2018,160,160,220,260,350,340,230,250,260,320,300,360,350,250,160,100,70,60,1150,2410,640,4200
Ang Mo Kio,Yio Chu Kang West,2018,810,1070,1300,1450,1500,1590,1390,1770,1860,2000,1980,2010,1980,1790,1090,690,390,310,6130,14580,4270,24980
Bedok,Bayshore,2018,350,460,490,400,330,310,310,630,810,830,620,460,390,340,220,110,80,100,2030,4360,850,7240
Bedok,Bedok North,2018,2820,3240,3600,4420,5100,5830,4840,5510,5910,6060,6640,7020,6490,5690,4020,2570,1520,1350,19180,48300,15150,82630
Bedok,Bedok Reservoir,2018,1180,1340,1510,1530,1540,1730,1830,2000,2190,2120,1950,1920,1830,1440,760,500,260,230,7100,15570,3190,25860
Bedok,Bedok South,2018,1560,1880,2230,2490,3050,3410,2820,2930,3240,3560,3740,3920,3720,3370,2380,1710,1120,950,11210,27340,9530,48080
Bedok,Frankel,2018,1520,2050,2010,1760,1920,2090,1850,2590,3080,2970,2490,2210,2070,1930,1260,890,680,700,9260,19350,5460,34070
Bedok,Kaki Bukit,2018,1250,1400,1670,2190,2920,3370,2630,2350,2450,2520,2910,3590,3370,2600,1490,870,490,400,9430,23190,5850,38470
Bedok,Kembangan,2018,1500,1410,1620,1930,2250,2950,2720,2590,2490,2620,2800,3210,3230,2650,1770,1220,800,790,8710,22610,7230,38550
Bedok,Siglap,2018,160,260,300,350,370,410,320,380,480,520,470,500,480,460,420,320,200,160,1440,3560,1560,6560
Bishan,Bishan East,2018,900,1190,1330,1380,1680,2620,1900,1860,1970,2180,1990,2370,2440,2020,1170,840,510,380,6480,17330,4920,28730
Bishan,Marymount,2018,1120,1420,1670,1750,2320,2550,1690,1990,2150,2280,2430,2640,2270,1660,1000,620,380,330,8280,18000,3990,30270
Bishan,Upper Thomson,2018,930,1310,1470,1630,1870,2130,1530,1660,2030,2350,2320,2420,2360,1900,1290,980,690,660,7210,16800,5520,29530
Bukit Batok,Brickworks,2018,590,310,250,190,210,770,690,440,400,340,300,200,140,100,70,40,30,20,1550,3280,260,5090
Bukit Batok,Bukit Batok Central,2018,1140,1270,1350,1510,1560,2200,2000,1890,1900,1980,2020,2130,2100,1520,890,580,320,290,6830,16220,3600,26650
Bukit Batok,Bukit Batok East,2018,360,420,640,680,890,1000,920,870,940,1020,1040,1290,1250,870,510,290,180,140,2990,8330,1990,13310
Bukit Batok,Bukit Batok South,2018,720,690,770,980,1190,1280,1220,1060,980,1140,1250,1290,1130,640,300,190,120,90,4350,9350,1340,15040
Bukit Batok,Bukit Batok West,2018,650,690,780,880,1010,1110,1260,1140,1120,1110,1140,1260,1230,950,480,310,190,170,4010,9370,2100,15480
Bukit Batok,Gombak,2018,440,600,560,560,610,680,640,860,910,780,720,680,630,550,340,250,160,130,2770,5900,1430,10100
Bukit Batok,Guilin,2018,470,570,740,780,870,910,870,910,1090,1130,1170,1050,880,660,380,300,150,170,3430,8010,1660,13100
Bukit Batok,Hillview,2018,610,770,1060,1460,1600,1380,1020,1030,1300,1690,1950,1710,1330,920,510,320,190,170,5500,11410,2110,19020
Bukit Batok,Hong Kah North,2018,910,1040,1350,1630,1850,2190,1790,1810,1790,1990,2210,2530,2330,1510,870,530,270,220,6780,16640,3400,26820
Bukit Merah,Alexandra Hill,2018,450,510,630,730,850,1000,810,820,860,960,1060,1180,1160,1140,780,550,400,370,3170,7850,3240,14260
Bukit Merah,Alexandra North,2018,120,100,80,60,60,70,110,180,170,150,90,80,60,40,30,10,10,10,420,910,100,1430
Bukit Merah,Bukit Ho Swee,2018,580,640,540,590,670,930,1000,1070,1040,990,1120,1230,1280,1120,830,680,440,440,3020,8660,3510,15190
Bukit Merah,Bukit Merah,2018,30,50,50,60,70,70,70,70,70,90,80,80,80,90,80,40,20,20,260,610,250,1120
Bukit Merah,Depot Road,2018,360,410,330,280,290,320,490,580,670,550,430,360,350,360,260,180,90,80,1670,3750,970,6390
Bukit Merah,Everton Park,2018,300,350,360,350,360,520,490,610,710,710,580,550,670,630,450,360,210,190,1720,4840,1840,8400
Bukit Merah,Henderson Hill,2018,370,450,460,510,590,730,630,660,730,840,900,930,920,810,700,570,400,300,2380,6340,2780,11500
Bukit Merah,Kampong Tiong Bahru,2018,260,300,400,390,460,580,530,500,630,710,750,780,850,800,570,460,300,220,1810,5330,2350,9490
Bukit Merah,Maritime Square,2018,190,210,170,140,90,110,180,340,360,340,280,200,170,130,80,70,60,70,800,1980,410,3190
Bukit Merah,Redhill,2018,590,790,620,550,550,740,710,990,1160,980,870,880,740,600,460,350,260,290,3100,7070,1960,12130
Bukit Merah,Telok Blangah Drive,2018,940,730,730,710,770,1200,1580,1510,1400,1290,1200,1230,1160,1210,890,670,430,310,3880,10570,3510,17960
Bukit Merah,Telok Blangah Rise,2018,360,420,480,530,680,820,630,850,920,950,860,960,1090,1160,800,590,320,250,2470,7080,3120,12670
Bukit Merah,Telok Blangah Way,2018,320,430,390,380,420,510,480,650,780,790,760,830,800,750,550,440,270,250,1940,5600,2260,9800
Bukit Merah,Tiong Bahru,2018,800,650,510,440,410,760,1060,1210,1210,910,810,750,840,770,600,490,290,300,2810,7550,2450,12810
Bukit Merah,Tiong Bahru Station,2018,680,870,830,690,710,1090,1000,1240,1330,1310,1120,1080,980,810,630,590,380,330,3780,9150,2740,15670
Bukit Panjang,Bangkit,2018,690,820,1020,1360,1720,2050,1390,1290,1460,1630,2030,2270,1880,1290,810,580,340,300,5610,14000,3320,22930
Bukit Panjang,Dairy Farm,2018,290,370,450,470,470,510,430,470,540,620,530,530,420,260,170,80,50,60,2050,4050,620,6720
Bukit Panjang,Fajar,2018,1770,1770,1630,1680,1890,2330,2390,2380,2000,1990,2100,2070,1700,1180,720,460,250,190,8740,16960,2800,28500
Bukit Panjang,Jelebu,2018,990,1250,1620,2070,2590,2780,1930,1840,2130,2560,2820,2920,2500,1650,1000,610,390,280,8520,19480,3930,31930
Bukit Panjang,Nature Reserve,2018,160,180,240,260,290,260,210,220,270,370,360,330,240,190,90,70,50,30,1130,2260,430,3820
Bukit Panjang,Saujana,2018,1790,1560,1520,1630,1770,1970,2470,2190,1880,1910,1810,1940,1670,1060,490,300,180,190,8270,15840,2220,26330
Bukit Panjang,Senja,2018,1430,1490,1270,1300,1110,1280,1850,1960,1770,1620,1330,1280,1130,800,450,310,160,170,6600,12220,1890,20710
Bukit Timah,Anak Bukit,2018,770,1080,1250,1290,1590,1770,1230,1240,1500,1720,1640,1690,1740,1330,860,660,380,360,5980,12530,3590,22100
Bukit Timah,Coronation Road,2018,290,470,450,400,360,350,300,390,560,580,460,400,320,340,280,200,140,110,1970,3360,1070,6400
Bukit Timah,Farrer Court,2018,350,470,390,380,270,360,350,490,580,610,450,370,300,310,210,150,110,100,1860,3510,880,6250
Bukit Timah,Hillcrest,2018,430,690,620,620,500,430,400,570,800,860,750,640,480,390,340,260,160,170,2860,4930,1320,9110
Bukit Timah,Holland Road,2018,470,760,810,740,630,540,470,670,960,1120,810,710,590,490,330,260,160,150,3410,5870,1390,10670
Bukit Timah,Leedon Park,2018,290,300,400,390,380,360,350,430,510,640,570,400,410,370,320,160,100,110,1760,3670,1060,6490
Bukit Timah,Swiss Club,2018,250,350,370,340,340,370,310,350,400,510,420,380,380,270,210,130,130,120,1650,3120,860,5630
Bukit Timah,Ulu Pandan,2018,380,620,670,610,680,690,520,600,820,920,840,790,750,720,490,310,200,160,2960,5930,1880,10770
Changi,Changi Point,2018,10,20,30,30,30,30,20,30,40,60,60,60,70,30,30,20,10,20,120,370,110,600
Changi,Changi West,2018,150,160,150,90,70,90,130,170,170,110,80,50,20,20,20,10,0,0,620,820,50,1490
Choa Chu Kang,Choa Chu Kang Central,2018,770,1020,1270,1510,1950,1700,1200,1380,1590,1790,2140,1810,1280,900,490,350,210,150,6520,12890,2100,21510
Choa Chu Kang,Choa Chu Kang North,2018,990,1270,1900,2960,3800,2550,1670,1630,1830,2810,3770,2900,1980,1180,630,470,300,250,10920,19140,2830,32890
Choa Chu Kang,Keat Hong,2018,2930,1960,1730,1960,2320,3400,3600,2620,2150,2190,2390,1940,1400,930,520,330,230,170,10900,19690,2180,32770
Choa Chu Kang,Peng Siang,2018,1630,1650,1790,2110,2820,2750,2730,2440,2280,2430,2820,2750,2120,1560,800,430,320,260,10000,20320,3370,33690
Choa Chu Kang,Teck Whye,2018,820,890,1130,1590,2190,2350,1530,1390,1410,1790,2310,2370,1980,1420,840,620,350,280,6620,15130,3510,25260
Choa Chu Kang,Yew Tee,2018,1530,2290,2720,3070,3370,2840,2390,3180,3490,3830,3650,3230,2510,1480,790,530,300,250,12980,25120,3350,41450
Clementi,Clementi Central,2018,490,620,680,650,720,850,760,1020,1130,1110,1000,1010,980,1040,730,510,300,250,3160,7860,2830,13850
Clementi,Clementi North,2018,1440,1240,1120,1240,1280,1830,2380,2440,2320,2150,2040,1920,1990,2190,1600,1090,670,580,6320,17070,6130,29520
Clementi,Clementi West,2018,570,700,750,820,800,960,910,1190,1300,1320,1250,1190,1300,1150,730,490,240,170,3640,9420,2780,15840
Clementi,Clementi Woods,2018,790,740,750,780,790,980,1090,1210,1150,1140,1150,1170,1080,1070,790,530,320,220,3850,8970,2930,15750
Clementi,Faber,2018,290,430,420,370,330,390,390,490,530,510,420,370,280,260,170,120,70,50,1840,3380,670,5890
Clementi,Sunset Way,2018,180,250,260,320,410,400,350,360,390,430,510,460,490,490,330,200,120,100,1420,3390,1240,6050
Clementi,West Coast,2018,310,440,490,390,330,320,280,470,640,610,480,370,310,310,200,120,70,50,1960,3480,750,6190
Downtown Core,Bugis,2018,20,20,20,30,40,50,60,90,50,80,60,60,60,80,50,30,30,30,130,510,220,860
Downtown Core,Cecil,2018,10,20,0,0,0,20,40,40,40,20,20,10,0,0,0,0,0,0,30,190,0,220
Downtown Core,Central Subzone,2018,40,20,30,20,20,50,50,90,80,80,60,60,40,20,10,0,0,0,130,510,30,670
Downtown Core,Tanjong Pagar,2018,20,20,20,10,20,50,80,80,70,60,50,30,30,20,20,0,0,30,90,450,70,610
Geylang,Aljunied,2018,1330,1620,1720,1750,2070,2840,2800,2960,3220,3160,3020,3250,3060,2530,1680,1260,900,870,8490,24310,7240,40040
Geylang,Geylang East,2018,1260,1390,1410,1470,1800,2260,2010,2450,2440,2300,2180,2280,2400,1980,1470,930,610,540,7330,18320,5530,31180
Geylang,Kampong Ubi,2018,420,480,570,660,860,1190,880,860,840,790,920,1140,1090,740,420,240,100,100,2990,7710,1600,12300
Geylang,Macpherson,2018,1090,1000,1230,1410,1730,2000,1890,1750,1760,2030,2350,2460,2200,1720,1140,1040,670,600,6460,16440,5170,28070
Hougang,Hougang Central,2018,100,170,210,320,400,430,260,270,280,350,440,440,390,270,160,110,90,80,1200,2860,710,4770
Hougang,Hougang East,2018,1400,1150,1050,1220,1730,2260,2330,2150,1630,1590,1840,2110,1770,1210,730,450,240,200,6550,15680,2830,25060
Hougang,Hougang West,2018,1270,1470,1770,2340,3490,4180,3100,2800,2740,3090,3860,4800,4230,3070,1800,1140,660,510,10340,28800,7180,46320
Hougang,Kangkar,2018,1660,1370,1470,1650,1700,2200,2560,2250,2320,2260,2240,2280,2160,1610,1050,750,450,320,7850,18270,4180,30300
Hougang,Kovan,2018,900,1160,1320,1600,1800,2110,1560,1590,1910,2050,1900,2070,1970,1460,950,640,370,390,6780,15160,3810,25750
Hougang,Lorong Ah Soo,2018,970,1140,1520,1790,2030,2360,1980,2140,2260,2460,2600,2690,2670,2190,1500,1040,630,520,7450,19160,5880,32490
Hougang,Tai Seng,2018,470,650,680,830,1040,1070,810,830,880,1030,1120,1220,1120,910,530,440,310,280,3670,8080,2470,14220
Hougang,Trafalgar,2018,1680,2090,2330,2820,3270,3200,2660,2910,3210,3470,3860,3950,3310,2400,1400,820,500,420,12190,26570,5540,44300
Jurong East,Jurong Gateway,2018,20,20,20,30,30,40,40,40,40,50,30,20,20,10,0,0,0,0,120,280,10,410
Jurong East,Lakeside,2018,30,20,30,30,40,70,80,60,60,80,60,50,80,90,50,50,20,10,150,540,220,910
Jurong East,Teban Gardens,2018,930,910,910,1020,1070,1390,1350,1470,1390,1350,1400,1370,1390,1420,950,500,280,200,4840,11110,3350,19300
Jurong East,Toh Guan,2018,490,600,770,930,1140,1370,990,1010,1030,1190,1200,1390,1330,860,410,250,160,120,3930,9510,1800,15240
Jurong East,Yuhua East,2018,720,890,1150,1360,1550,1870,1740,1730,1830,1900,1890,2030,2280,1830,1190,740,400,390,5670,15270,4550,25490
Jurong East,Yuhua West,2018,700,780,990,1160,1310,1530,1280,1260,1370,1520,1540,1670,1660,1370,740,510,300,250,4940,11830,3170,19940
Jurong West,Boon Lay Place,2018,1800,1790,1650,1810,1870,2120,2590,2440,2270,2310,2260,2100,1710,1460,890,590,310,250,8920,17800,3500,30220
Jurong West,Hong Kah,2018,1910,2290,2790,3240,3480,4200,3620,3970,4080,4270,4180,4170,4430,3630,2180,1290,650,490,13710,32920,8240,54870
Jurong West,Jurong West Central,2018,3020,4170,4410,3970,3730,4730,4810,6340,6450,5560,4580,4250,4040,2730,1440,730,430,320,19300,40760,5650,65710
Jurong West,Taman Jurong,2018,2010,2110,2190,2570,2760,2790,2810,3150,2850,3250,3090,2690,2330,1760,1030,630,350,280,11640,22960,4050,38650
Jurong West,Wenya,2018,530,670,660,470,360,450,620,980,900,670,520,430,390,300,170,120,70,80,2690,4960,740,8390
Jurong West,Yunnan,2018,2360,3100,3850,4860,6150,5830,4100,4790,5080,5310,6230,5540,4530,3370,1810,990,570,400,20320,41410,7140,68870
Kallang,Bendemeer,2018,1710,1640,1370,1420,1600,2400,2960,3200,2940,2650,2370,2480,2590,2380,1570,1260,760,730,7740,21590,6700,36030
Kallang,Boon Keng,2018,500,460,440,550,610,810,850,880,850,920,930,960,950,850,590,510,280,300,2560,7150,2530,12240
Kallang,Crawford,2018,260,250,290,310,380,490,440,420,540,610,700,890,840,790,630,500,350,290,1490,4930,2560,8980
Kallang,Geylang Bahru,2018,340,410,500,590,660,720,650,780,860,1010,1010,1010,940,770,610,500,330,290,2500,6980,2500,11980
Kallang,Kampong Bugis,2018,20,20,20,40,50,90,60,60,60,40,50,70,100,80,30,20,20,10,150,530,160,840
Kallang,Kampong Java,2018,370,490,480,490,530,660,640,770,900,890,840,810,730,730,550,370,270,230,2360,6240,2150,10750
Kallang,Lavender,2018,370,400,470,400,470,650,570,700,780,810,780,790,710,640,450,330,220,190,2110,5790,1830,9730
Kallang,Tanjong Rhu,2018,460,630,660,650,540,510,550,860,1160,1200,950,740,700,540,360,270,150,140,2940,6670,1460,11070
Lim Chu Kang,Lim Chu Kang,2018,0,0,0,10,0,0,0,0,0,0,10,20,10,0,10,0,0,0,10,40,10,60
Mandai,Mandai Estate,2018,90,100,120,150,170,160,140,130,170,170,180,170,130,80,70,50,30,20,630,1250,250,2130
Marine Parade,Katong,2018,410,520,470,500,510,560,520,760,880,830,730,640,580,480,370,250,190,200,2410,5500,1490,9400
Marine Parade,Marine Parade,2018,1120,1420,1430,1400,1370,1390,1410,1920,2200,2380,2080,1890,1800,1630,1340,1220,840,690,6740,15070,5720,27530
Marine Parade,Mountbatten,2018,460,560,570,580,600,670,600,750,880,930,760,750,650,580,430,220,180,180,2770,5990,1590,10350
Museum,Dhoby Ghaut,2018,10,10,0,0,0,20,30,40,30,30,20,20,10,20,0,0,0,0,20,200,20,240
Museum,Fort Canning,2018,0,10,10,0,10,0,0,10,20,30,20,20,10,0,10,0,0,0,30,110,10,150
Newton,Cairnhill,2018,190,250,190,170,180,200,220,290,330,400,310,260,200,200,130,70,70,70,980,2210,540,3730
Newton,Goodwood Park,2018,70,110,80,50,50,70,50,100,120,120,100,70,60,40,30,20,10,30,360,690,130,1180
Newton,Monk's Hill,2018,40,60,60,50,60,60,50,60,100,100,90,70,50,40,30,40,20,20,270,580,150,1000
Newton,Newton Circus,2018,20,10,10,0,0,0,20,30,20,30,30,20,10,20,10,0,0,0,40,160,30,230
Newton,Orange Grove,2018,70,90,80,60,70,90,60,90,160,150,150,140,120,120,80,30,30,20,370,960,280,1610
Novena,Balestier,2018,1300,1510,1450,1460,1660,2200,2180,2520,2620,2720,2490,2320,2170,1800,1430,1130,700,700,7380,19220,5760,32360
Novena,Dunearn,2018,130,210,260,250,260,230,160,210,260,330,320,290,250,230,180,140,100,100,1110,2050,750,3910
Novena,Malcolm,2018,130,230,190,160,150,140,120,170,240,250,190,210,170,170,120,60,60,70,860,1490,480,2830
Novena,Moulmein,2018,560,910,560,430,390,420,530,890,1070,910,630,510,410,340,230,180,130,120,2850,5370,1000,9220
Novena,Mount Pleasant,2018,20,40,30,50,60,50,40,40,40,40,60,60,60,50,30,20,20,20,200,390,140,730
Orchard,Boulevard,2018,20,30,20,10,20,30,30,30,40,40,20,30,30,40,20,20,10,10,100,250,100,450
Orchard,Somerset,2018,0,10,0,0,0,0,20,10,20,20,20,0,10,0,0,0,0,0,10,100,0,110
Orchard,Tanglin,2018,20,30,20,30,20,30,20,30,50,40,40,40,20,20,30,10,0,10,120,270,70,460
Outram,China Square,2018,40,30,20,30,60,100,100,90,110,100,120,130,140,160,110,90,50,40,180,890,450,1520
Outram,Chinatown,2018,580,670,480,330,380,610,650,1130,1160,830,720,700,640,640,480,370,250,330,2440,6440,2070,10950
Outram,Pearl's Hill,2018,220,230,260,250,270,390,340,340,390,460,560,710,720,670,510,440,260,320,1230,3910,2200,7340
Outram,People's Park,2018,0,0,0,0,10,40,30,40,20,40,20,20,20,20,10,10,10,0,10,230,50,290
Pasir Ris,Flora Drive,2018,600,700,880,970,1070,1010,760,1060,1350,1290,1290,1160,910,600,370,270,180,180,4220,8830,1600,14650
Pasir Ris,Loyang East,2018,60,60,120,150,180,170,100,110,150,160,180,230,190,130,70,40,30,30,570,1290,300,2160
Pasir Ris,Loyang West,2018,0,0,0,0,0,0,0,0,0,0,0,0,0,10,20,30,50,60,0,0,170,170
Pasir Ris,Pasir Ris Central,2018,1700,1530,1550,1990,2600,2440,2360,2280,2070,2280,2800,2540,1780,1080,640,430,280,220,9370,18550,2650,30570
Pasir Ris,Pasir Ris Drive,2018,1780,2190,2860,4110,5880,5260,2820,2930,3200,3850,5790,5380,3910,2640,1470,850,560,520,16820,33140,6040,56000
Pasir Ris,Pasir Ris Park,2018,470,600,470,500,400,390,520,820,820,710,630,380,210,140,100,60,20,20,2440,4480,340,7260
Pasir Ris,Pasir Ris West,2018,1310,1690,2120,2950,3660,2780,1830,2190,2580,3080,3930,3020,2020,1240,700,510,330,280,11730,21430,3060,36220
Punggol,Matilda,2018,5740,4360,2510,1940,1580,2630,6290,6980,4380,3050,2230,1800,1510,1310,770,470,230,170,16130,28870,2950,47950
Punggol,Northshore,2018,0,10,20,20,20,20,10,10,20,20,20,20,20,20,10,0,0,10,70,140,40,250
Punggol,Punggol Field,2018,2830,3660,3910,3170,2370,2450,3010,4610,5430,4550,3230,2750,2290,1690,1130,640,380,320,15940,28320,4160,48420
Punggol,Punggol Town Centre,2018,2410,1590,810,550,430,1010,2900,2710,1450,980,740,540,450,380,260,130,90,50,5790,10780,910,17480
Punggol,Waterway East,2018,5720,4230,2710,1910,1480,2750,6500,6720,4420,2890,2190,1690,1430,1220,780,460,230,180,16050,28590,2870,47510
Queenstown,Commonwealth,2018,230,230,300,310,310,480,430,510,520,600,620,590,570,470,380,380,280,250,1380,4320,1760,7460
Queenstown,Dover,2018,380,590,690,620,650,670,540,810,970,930,930,800,700,650,550,390,270,180,2930,6350,2040,11320
Queenstown,Ghim Moh,2018,750,610,530,550,650,860,1290,1030,890,910,840,810,830,850,770,640,440,320,3090,7460,3020,13570
Queenstown,Holland Drive,2018,430,360,440,520,600,820,790,850,1030,1090,1020,940,910,930,840,750,500,390,2350,7450,3410,13210
Queenstown,Kent Ridge,2018,20,30,60,30,40,70,50,40,70,70,80,70,70,60,40,30,10,0,180,520,140,840
Queenstown,Margaret Drive,2018,1290,1040,660,520,550,810,1560,1820,1360,960,820,780,710,730,470,380,310,260,4060,8820,2150,15030
Queenstown,Mei Chin,2018,480,590,750,850,980,1100,920,930,1090,1250,1320,1320,1220,930,630,630,450,400,3650,9150,3040,15840
Queenstown,National University Of S'pore,2018,0,10,20,10,70,40,20,20,20,10,20,10,0,0,0,0,0,0,110,140,0,250
Queenstown,One North,2018,30,60,40,20,20,30,50,80,100,90,50,40,20,10,10,0,0,0,170,460,20,650
Queenstown,Pasir Panjang 1,2018,180,210,230,260,260,330,290,360,410,390,360,310,280,200,150,90,50,50,1140,2730,540,4410
Queenstown,Pasir Panjang 2,2018,120,120,150,180,230,260,200,210,240,230,280,260,290,250,120,80,30,30,800,1970,510,3280
Queenstown,Port,2018,0,0,0,0,10,20,10,10,0,0,0,20,10,10,10,0,0,0,10,70,20,100
Queenstown,Queensway,2018,0,10,0,20,20,30,20,30,20,40,30,20,20,20,20,10,0,0,50,210,50,310
Queenstown,Singapore Polytechnic,2018,10,20,0,0,0,0,10,10,20,20,10,0,0,0,0,0,0,0,30,70,0,100
Queenstown,Tanglin Halt,2018,470,480,440,440,460,710,770,920,960,920,910,850,770,740,660,510,440,350,2290,6810,2700,11800
River Valley,Institution Hill,2018,240,240,210,140,130,180,240,400,430,350,230,170,160,160,100,60,40,30,960,2160,390,3510
River Valley,Leonie Hill,2018,110,150,180,140,140,150,160,250,300,370,260,180,150,120,90,40,20,30,720,1820,300,2840
River Valley,One Tree Hill,2018,80,90,90,110,110,90,110,130,140,190,190,150,130,100,80,60,40,40,480,1130,320,1930
River Valley,Oxley,2018,50,70,70,70,60,90,100,120,140,130,110,110,90,80,70,50,20,40,320,890,260,1470
River Valley,Paterson,2018,20,20,10,10,0,0,20,20,20,30,20,20,10,0,0,0,0,0,60,140,0,200
Rochor,Bencoolen,2018,40,40,40,40,50,80,80,100,90,100,100,120,110,110,60,50,30,50,210,780,300,1290
Rochor,Farrer Park,2018,80,120,140,130,130,160,160,240,290,250,210,190,210,190,110,80,70,70,600,1710,520,2830
Rochor,Kampong Glam,2018,0,0,0,0,0,0,10,20,10,20,20,20,0,10,0,10,0,20,0,100,40,140
Rochor,Little India,2018,90,100,130,150,180,230,180,210,270,250,280,290,270,270,190,170,90,110,650,1980,830,3460
Rochor,Mackenzie,2018,10,10,0,10,0,0,10,20,20,20,10,10,0,0,0,0,0,0,30,90,0,120
Rochor,Mount Emily,2018,70,60,60,50,30,80,130,200,200,140,80,60,60,60,20,10,10,20,270,950,120,1340
Rochor,Selegie,2018,10,10,10,0,20,20,10,20,40,10,20,20,20,20,10,0,0,10,50,160,40,250
Rochor,Sungei Road,2018,80,70,100,110,110,130,120,130,140,170,170,170,150,160,150,110,70,40,470,1180,530,2180
Rochor,Victoria,2018,50,40,40,40,90,130,120,120,150,140,140,170,170,180,130,100,70,60,260,1140,540,1940
Seletar,Seletar,2018,10,20,20,20,20,0,0,10,30,40,30,20,10,0,0,0,0,0,90,140,0,230
Sembawang,Admiralty,2018,890,930,970,910,740,880,1120,1300,1350,1180,1010,910,730,480,320,230,130,100,4440,8480,1260,14180
Sembawang,Sembawang Central,2018,1430,1860,1960,2130,1940,2120,2090,2600,2770,2760,2440,2210,1730,1070,570,410,230,220,9320,18720,2500,30540
Sembawang,Sembawang East,2018,810,430,460,390,480,1240,1140,680,680,600,550,380,250,150,110,80,30,30,2570,5520,400,8490
Sembawang,Sembawang North,2018,1290,1740,1880,1790,1530,1540,1830,2440,2480,2280,1970,1780,1490,980,530,340,170,150,8230,15810,2170,26210
Sembawang,Sembawang Springs,2018,280,360,460,450,370,390,370,470,620,600,510,370,260,210,160,140,80,130,1920,3590,720,6230
Sembawang,Sembawang Straits,2018,70,110,110,120,140,130,70,100,140,160,150,150,100,70,40,40,20,10,550,1000,180,1730
Sengkang,Anchorvale,2018,3790,3370,3080,2300,1800,2620,4650,4680,4270,3430,2340,2240,1930,1430,860,540,230,190,14340,26160,3250,43750
Sengkang,Compassvale,2018,2060,1860,1310,790,650,1140,2400,3010,2430,1310,980,840,820,680,420,270,150,70,6670,12930,1590,21190
Sengkang,Fernvale,2018,5480,4790,3150,2460,1970,2910,6240,6840,4930,3590,2850,2450,2010,1620,1060,700,390,390,17850,31820,4160,53830
Sengkang,Rivervale,2018,2870,3400,3760,4100,4170,4170,4190,4610,5040,5150,4620,4680,3940,2670,1520,870,480,450,18300,36400,5990,60690
Sengkang,Sengkang Town Centre,2018,3620,3620,3560,3790,3870,4440,5320,5730,4920,4830,4500,4230,3460,2290,1320,850,510,440,18460,37430,5410,61300
Serangoon,Lorong Chuan,2018,320,420,480,590,650,660,420,480,570,700,740,710,600,380,300,200,170,160,2460,4880,1210,8550
Serangoon,Seletar Hills,2018,480,610,690,910,1080,1130,700,720,870,990,1100,1180,1100,900,560,410,260,230,3770,7790,2360,13920
Serangoon,Serangoon Central,2018,700,820,1000,1290,1420,2210,1900,1540,1610,1840,1750,2180,2410,1800,1130,720,460,370,5230,15440,4480,25150
Serangoon,Serangoon Garden,2018,1040,1280,1650,2000,2490,2870,2230,2130,2320,2660,2730,3110,3360,2810,1790,1190,830,810,8460,21410,7430,37300
Serangoon,Serangoon North,2018,510,680,880,1060,1450,1350,930,1030,990,1210,1520,1410,1290,900,460,300,170,140,4580,9730,1970,16280
Serangoon,Upper Paya Lebar,2018,530,710,710,830,1040,1520,1120,1000,1090,1130,1140,1360,1360,1060,640,480,270,250,3820,9720,2700,16240
Singapore River,Boat Quay,2018,0,0,0,0,0,0,0,20,10,10,20,20,20,0,10,10,0,0,0,100,20,120
Singapore River,Clarke Quay,2018,10,0,0,0,0,10,20,20,20,20,20,10,0,0,0,0,0,10,10,120,10,140
Singapore River,Robertson Quay,2018,210,220,130,90,90,110,180,350,370,340,190,140,110,70,50,50,20,10,740,1790,200,2730
Southern Islands,Sentosa,2018,130,110,90,100,80,90,90,140,190,230,190,150,110,60,20,20,0,0,510,1190,100,1800
Sungei Kadut,Turf Club,2018,20,30,30,40,50,50,40,50,40,60,60,50,40,40,40,30,30,10,170,390,150,710
Tampines,Simei,2018,1600,1830,2010,2380,2920,3380,2380,2980,3020,3060,3170,3510,3000,2170,1250,770,480,480,10740,24500,5150,40390
Tampines,Tampines East,2018,5710,5730,6140,7740,10580,11430,9300,9300,8420,8990,11060,11930,11090,7640,4300,2660,1670,1400,35900,81520,17670,135090
Tampines,Tampines West,2018,3810,3790,3870,4640,5920,6770,5880,5750,5390,5550,6110,6740,6110,4300,2360,1420,840,740,22030,48300,9660,79990
Tampines,Xilin,2018,40,60,70,120,180,160,90,80,90,120,190,200,160,80,60,20,10,10,470,1090,180,1740
Tanglin,Chatsworth,2018,330,420,370,270,260,300,410,650,730,730,500,390,340,290,210,150,80,70,1650,4050,800,6500
Tanglin,Nassim,2018,520,770,630,510,440,470,430,710,950,870,720,630,540,480,310,190,110,150,2870,5320,1240,9430
Tanglin,Ridout,2018,70,70,80,80,70,90,90,90,120,120,100,110,90,80,70,30,30,40,370,810,250,1430
Tanglin,Tyersall,2018,170,210,200,200,190,210,200,220,290,350,340,290,200,210,140,100,70,60,970,2100,580,3650
Toa Payoh,Boon Teck,2018,440,500,600,720,810,880,630,750,780,980,1060,1200,1130,890,760,640,430,400,3070,7410,3120,13600
Toa Payoh,Braddell,2018,350,410,480,500,620,690,570,660,680,760,780,770,740,640,460,410,250,250,2360,5650,2010,10020
Toa Payoh,Joo Seng,2018,330,390,370,350,410,620,610,620,650,620,560,570,560,430,330,240,160,150,1850,4810,1310,7970
Toa Payoh,Kim Keat,2018,230,290,300,350,520,650,510,510,530,610,610,760,720,580,450,330,200,150,1690,4900,1710,8300
Toa Payoh,Lorong 8 Toa Payoh,2018,190,230,270,370,470,500,410,420,500,580,570,670,570,580,400,400,230,200,1530,4220,1810,7560
Toa Payoh,Pei Chun,2018,300,400,520,590,570,600,550,620,810,920,970,880,820,650,560,510,300,240,2380,6170,2260,10810
Toa Payoh,Potong Pasir,2018,350,430,450,480,530,730,720,820,860,870,840,860,1030,950,610,400,220,170,2240,6730,2350,11320
Toa Payoh,Sennett,2018,200,240,280,290,320,400,360,400,400,350,360,370,400,330,250,170,120,170,1330,3040,1040,5410
Toa Payoh,Toa Payoh Central,2018,1300,1560,1400,1380,1570,1790,1700,2380,2500,2340,2180,2070,1810,1510,1150,1020,650,570,7210,16770,4900,28880
Toa Payoh,Toa Payoh West,2018,500,490,520,570,680,1000,990,980,1050,1060,1060,1100,1030,960,780,700,450,370,2760,8270,3260,14290
Toa Payoh,Woodleigh,2018,110,130,170,160,140,200,130,200,200,230,180,160,170,110,70,30,20,30,710,1470,260,2440
Western Water Catchment,Western Water Catchment,2018,40,40,30,30,90,40,50,60,80,40,60,60,40,10,10,20,10,20,230,430,70,730
Woodlands,Midview,2018,1780,1740,2010,2980,3640,2970,2530,2280,2170,2960,3500,2710,1880,1190,650,490,260,240,12150,21000,2830,35980
Woodlands,North Coast,2018,380,420,540,800,1060,1060,760,750,790,890,1200,1200,990,810,550,360,210,120,3200,7640,2050,12890
Woodlands,Woodgrove,2018,1120,1430,1860,2750,3570,2950,2030,2080,2340,2990,3460,2800,2120,1310,720,480,300,270,10730,20770,3080,34580
Woodlands,Woodlands East,2018,4990,5390,6270,7400,7720,7440,6940,7380,7960,8610,8130,6920,5000,3110,1660,1050,620,470,31770,58380,6910,97060
Woodlands,Woodlands South,2018,2290,2860,2940,3160,2820,2700,3020,3700,3630,3620,3080,2480,1790,1410,780,450,260,180,14070,24020,3080,41170
Woodlands,Woodlands West,2018,1120,1220,1430,1930,2630,2580,1970,1890,1780,2210,2670,2840,2440,1630,1020,730,430,280,8330,18380,4090,30800
Yishun,Khatib,2018,330,340,430,510,720,1010,720,650,630,700,880,1110,940,700,390,250,130,100,2330,6640,1570,10540
Yishun,Lower Seletar,2018,1910,1230,900,790,640,1520,2150,1630,1160,1010,730,550,390,290,190,90,70,60,5470,9140,700,15310
Yishun,Nee Soon,2018,40,60,40,50,50,60,40,50,90,90,80,80,60,40,40,30,20,20,240,550,150,940
Yishun,Northland,2018,1040,1130,1420,1760,2130,2500,1930,1950,2020,2150,2390,2760,2300,1600,870,560,300,230,7480,18000,3560,29040
Yishun,Springleaf,2018,140,180,230,290,350,380,200,200,260,310,310,370,320,270,210,110,50,50,1190,2350,690,4230
Yishun,Yishun Central,2018,40,60,40,50,130,120,100,100,70,60,120,140,140,90,60,30,20,10,320,850,210,1380
Yishun,Yishun East,2018,4720,3960,2840,2960,3250,4090,5970,5820,4250,3600,3900,3820,3020,2190,1170,700,410,270,17730,34470,4740,56940
Yishun,Yishun South,2018,1620,1600,1920,2160,2690,3990,2980,2790,2810,2960,3310,3600,3110,2220,1350,850,480,430,9990,25550,5330,40870
Yishun,Yishun West,2018,2020,2200,2680,3140,3500,4200,3750,3950,4150,4360,4740,4890,4440,3160,1910,1350,730,620,13540,34480,7770,55790
